<?xml version="1.0"?>
<configuration type="entity" name="TenantMaster" id="37ee3ba3-0ef4-4b5e-98a5-3e081bda27a5" allowaudittracking="0" allowcreateaudit="1" allowmodifyaudit="1" allowtimestamp="1" codefacade="" immutable="0" enforceprimarykey="1" isassociative="0" typedentity="None" schema="" generatesdoublederived="0" isgenerated="1" isTenant="0">
		<summary><![CDATA[]]></summary>
		<fieldset>
				<field id="edacbcd2-54d3-416d-9159-2436c1254486" name="DbPassword" nullable="0" datatype="VarChar" identity="None" codefacade="" dataformatstring="" default="" defaultisfunc="0" formula="" isgenerated="1" isindexed="0" isprimarykey="0" Iscalculated="0" isunique="0" length="200" scale="0" sortorder="4" isreadonly="0" category="" collate="" friendlyname="" isbrowsable="1" max="NaN" min="NaN" validationexpression="" obsolete="0">
						<summary><![CDATA[]]></summary>
				</field>
				<field id="304521e8-85f0-447f-9c31-95b10709bcd4" name="DbUserName" nullable="0" datatype="VarChar" identity="None" codefacade="" dataformatstring="" default="" defaultisfunc="0" formula="" isgenerated="1" isindexed="0" isprimarykey="0" Iscalculated="0" isunique="0" length="50" scale="0" sortorder="3" isreadonly="0" category="" collate="" friendlyname="" isbrowsable="1" max="NaN" min="NaN" validationexpression="" obsolete="0">
						<summary><![CDATA[]]></summary>
				</field>
				<field id="6a06d507-e545-41ec-9d22-3dd833d0597c" name="TenantId" nullable="0" datatype="Int" identity="Database" codefacade="" dataformatstring="" default="" defaultisfunc="0" formula="" isgenerated="1" isindexed="1" isprimarykey="1" Iscalculated="0" isunique="1" length="4" scale="0" sortorder="1" isreadonly="0" category="" collate="" friendlyname="" isbrowsable="1" max="NaN" min="NaN" validationexpression="" obsolete="0">
						<summary><![CDATA[]]></summary>
				</field>
				<field id="ae2d3a98-20de-4822-9ba0-af62388636ed" name="TenantName" nullable="0" datatype="VarChar" identity="None" codefacade="" dataformatstring="" default="" defaultisfunc="0" formula="" isgenerated="1" isindexed="0" isprimarykey="0" Iscalculated="0" isunique="0" length="50" scale="0" sortorder="2" isreadonly="0" category="" collate="" friendlyname="" isbrowsable="1" max="NaN" min="NaN" validationexpression="" obsolete="0">
						<summary><![CDATA[]]></summary>
				</field>
		</fieldset>
</configuration>