<?xml version="1.0"?>
<configuration type="entity" name="ProjectFile" id="01bcdb0a-5b02-4e95-8f9c-80fe58b5fb29" allowaudittracking="0" allowcreateaudit="1" allowmodifyaudit="1" allowtimestamp="1" codefacade="" immutable="0" enforceprimarykey="1" isassociative="0" typedentity="None" schema="" generatesdoublederived="0" isgenerated="1" isTenant="1">
		<summary><![CDATA[]]></summary>
		<fieldset>
				<field id="d4b894c4-ce7b-4932-8c77-c12289bb1617" name="FileName" nullable="0" datatype="VarChar" identity="None" codefacade="" dataformatstring="" default="" defaultisfunc="0" formula="" isgenerated="1" isindexed="0" isprimarykey="0" Iscalculated="0" isunique="0" length="450" scale="0" sortorder="3" isreadonly="0" category="" collate="" friendlyname="" isbrowsable="1" max="NaN" min="NaN" validationexpression="" obsolete="0">
						<summary><![CDATA[]]></summary>
				</field>
				<field id="cc73ac1b-34a8-4e3a-a99d-1f0c0a727023" name="ProjectFileId" nullable="0" datatype="Int" identity="Database" codefacade="" dataformatstring="" default="" defaultisfunc="0" formula="" isgenerated="1" isindexed="1" isprimarykey="1" Iscalculated="0" isunique="1" length="4" scale="0" sortorder="1" isreadonly="0" category="" collate="" friendlyname="" isbrowsable="1" max="NaN" min="NaN" validationexpression="" obsolete="0">
						<summary><![CDATA[]]></summary>
				</field>
				<field id="380cd81f-25ba-4ff9-a7e7-648120ba0023" name="ProjectId" nullable="0" datatype="Int" identity="None" codefacade="" dataformatstring="" default="" defaultisfunc="0" formula="" isgenerated="1" isindexed="0" isprimarykey="0" Iscalculated="0" isunique="0" length="4" scale="0" sortorder="2" isreadonly="0" category="" collate="" friendlyname="" isbrowsable="1" max="NaN" min="NaN" validationexpression="" obsolete="0">
						<summary><![CDATA[]]></summary>
				</field>
		</fieldset>
</configuration>