<?xml version="1.0"?>
<configuration type="entity" name="UserAccount" id="5e68c450-f982-40af-aa3a-d176d3fa2770" allowaudittracking="0" allowcreateaudit="1" allowmodifyaudit="1" allowtimestamp="1" codefacade="" immutable="0" enforceprimarykey="1" isassociative="0" typedentity="None" schema="" generatesdoublederived="0" isgenerated="1" isTenant="0">
		<summary><![CDATA[]]></summary>
		<fieldset>
				<field id="15b269cf-4104-47b0-8024-0bee719a4c75" name="PasswordHash" nullable="0" datatype="VarChar" identity="None" codefacade="" dataformatstring="" default="" defaultisfunc="0" formula="" isgenerated="1" isindexed="0" isprimarykey="0" Iscalculated="0" isunique="0" length="50" scale="0" sortorder="3" isreadonly="0" category="" collate="" friendlyname="" isbrowsable="1" max="NaN" min="NaN" validationexpression="" obsolete="0">
						<summary><![CDATA[]]></summary>
				</field>
				<field id="6f70e0c6-7458-4fbc-bfa3-f467ab652058" name="TenantId" nullable="0" datatype="Int" identity="None" codefacade="" dataformatstring="" default="" defaultisfunc="0" formula="" isgenerated="1" isindexed="0" isprimarykey="0" Iscalculated="0" isunique="0" length="4" scale="0" sortorder="4" isreadonly="0" category="" collate="" friendlyname="" isbrowsable="1" max="NaN" min="NaN" validationexpression="" obsolete="0">
						<summary><![CDATA[]]></summary>
				</field>
				<field id="26f3e550-7493-4ae0-aeb7-b6895d41c61a" name="UserId" nullable="0" datatype="Int" identity="Database" codefacade="" dataformatstring="" default="" defaultisfunc="0" formula="" isgenerated="1" isindexed="1" isprimarykey="1" Iscalculated="0" isunique="1" length="4" scale="0" sortorder="1" isreadonly="0" category="" collate="" friendlyname="" isbrowsable="1" max="NaN" min="NaN" validationexpression="" obsolete="0">
						<summary><![CDATA[]]></summary>
				</field>
				<field id="a6a1ecba-2515-4c12-ae44-14e5c6bd0e28" name="UserName" nullable="0" datatype="VarChar" identity="None" codefacade="" dataformatstring="" default="" defaultisfunc="0" formula="" isgenerated="1" isindexed="0" isprimarykey="0" Iscalculated="0" isunique="0" length="50" scale="0" sortorder="2" isreadonly="0" category="" collate="" friendlyname="" isbrowsable="1" max="NaN" min="NaN" validationexpression="" obsolete="0">
						<summary><![CDATA[]]></summary>
				</field>
		</fieldset>
</configuration>