<?xml version="1.0"?>
<configuration type="entity" name="ProjectType" id="725913e3-30a9-4c76-ba55-46e764475ed7" allowaudittracking="0" allowcreateaudit="1" allowmodifyaudit="1" allowtimestamp="1" codefacade="" immutable="1" enforceprimarykey="1" isassociative="0" typedentity="DatabaseTable" schema="" generatesdoublederived="0" isgenerated="1" isTenant="0">
		<summary><![CDATA[]]></summary>
		<fieldset>
				<field id="cf21245e-a6e6-4f75-9af7-2d35a11ed86e" name="Name" nullable="0" datatype="VarChar" identity="None" codefacade="" dataformatstring="" default="" defaultisfunc="0" formula="" isgenerated="1" isindexed="0" isprimarykey="0" Iscalculated="0" isunique="0" length="50" scale="0" sortorder="2" isreadonly="0" category="" collate="" friendlyname="" isbrowsable="1" max="NaN" min="NaN" validationexpression="" obsolete="0">
						<summary><![CDATA[]]></summary>
				</field>
				<field id="78bee1bf-05a0-43cb-9377-3e96217788ba" name="ProjectTypeId" nullable="0" datatype="Int" identity="Database" codefacade="" dataformatstring="" default="" defaultisfunc="0" formula="" isgenerated="1" isindexed="1" isprimarykey="1" Iscalculated="0" isunique="1" length="4" scale="0" sortorder="1" isreadonly="0" category="" collate="" friendlyname="" isbrowsable="1" max="NaN" min="NaN" validationexpression="" obsolete="0">
						<summary><![CDATA[]]></summary>
				</field>
		</fieldset>
</configuration>